{
	"root": false,
	"extends": "//",
	"linter": {
		"rules": {
			"style": {
				"noParameterAssign": "error",
				"useAsConstAssertion": "error",
				"useDefaultParameterLast": "error",
				"useEnumInitializers": "error",
				"useSelfClosingElements": "error",
				"useSingleVarDeclarator": "error",
				"noUnusedTemplateLiteral": "error",
				"useNumberNamespace": "error",
				"noInferrableTypes": "error",
				"noUselessElse": "error"
			}
		}
	},
	"files": {
		"includes": ["**", "!prisma/zod/index.ts"]
	}
}
